Name,Price,Rating,Link
NEONOMAD Men Mid Rise Fixed Waist Track Pants,₹405,,https://www.ajio.com/neonomad-men-mid-rise-fixed-waist-track-pants/p/702315412_black?
NEONOMAD Men Mid Rise Fixed Waist Track Pants,₹405,,https://www.ajio.com/neonomad-men-mid-rise-fixed-waist-track-pants/p/702315406_grey?
Alpha Tribe Men Striped Straight Track Pants,₹384,,https://www.ajio.com/alpha-tribe-men-striped-straight-track-pants/p/702305745_black?
PERFORMAX Men Fastdry Active Panelled Track Pants,₹719,,https://www.ajio.com/performax-men-fastdry-active-panelled-track-pants/p/441128505_jetblack?
Alpha Tribe Men Striped Straight Track Pants,₹384,,https://www.ajio.com/alpha-tribe-men-striped-straight-track-pants/p/702305745_grey?
MAX Men Mid-Rise Track Pants with Drawstring Waist,₹699,,https://www.ajio.com/max-men-mid-rise-track-pants-with-drawstring-waist/p/467101170_green?
Puma Men Cricket Woven Pants,₹810,,https://www.ajio.com/puma-men-cricket-woven-pants/p/701058406_black?
Indiclub Men Ribbed Straight Track Pants with Drawstring Waist,₹290,,https://www.ajio.com/indiclub-men-ribbed-straight-track-pants-with-drawstring-waist/p/701288473_black?
ARMANI EXCHANGE Side Printed Pants with Elasticated Waistband,"₹5,899",,https://www.ajio.com/armani-exchange-side-printed-pants-with-elasticated-waistband/p/410222723_navy?
MANIAC Men Straight Track Pants with Insert Pockets,₹772,,https://www.ajio.com/maniac-men-straight-track-pants-with-insert-pockets/p/701769525_black?
Teamspirit Men Straight Track Pants,₹599,,https://www.ajio.com/teamspirit-men-straight-track-pants/p/443058683_darkgrey?
SUPERDRY Men Essential Logo Embroidered Regular Fit Joggers,"₹7,370",,https://www.ajio.com/superdry-men-essential-logo-embroidered-regular-fit-joggers/p/410510304_02a?
Indiclub Men Ribbed Straight Track Pants with Drawstring Waist,₹290,,https://www.ajio.com/indiclub-men-ribbed-straight-track-pants-with-drawstring-waist/p/701288473_grey?
Indiclub Men Ribbed Straight Track Pants with Drawstring Waist,₹290,,https://www.ajio.com/indiclub-men-ribbed-straight-track-pants-with-drawstring-waist/p/701288473_green?
SUPERDRY Men Cargo Joggers with Drawstring Waist,"₹5,688",,https://www.ajio.com/superdry-men-cargo-joggers-with-drawstring-waist/p/410501881_02a?
JOGGERS PARK Men Straight Track Pants with Drawstring,₹519,,https://www.ajio.com/joggers-park-men-straight-track-pants-with-drawstring/p/702090667_black?
Indiclub Men Ribbed Straight Track Pants with Drawstring Waist,₹290,,https://www.ajio.com/indiclub-men-ribbed-straight-track-pants-with-drawstring-waist/p/701288473_brown?
Domin8 Men Regular Fit Track Pants,"₹1,295",,https://www.ajio.com/domin8-men-regular-fit-track-pants/p/701035576_grey?
Teamspirit Men Straight Track Pants,₹599,,https://www.ajio.com/teamspirit-men-straight-track-pants/p/443058683_beige?
Teamspirit Men Regular Fit Joggers with Insert Pockets,₹599,,https://www.ajio.com/teamspirit-men-regular-fit-joggers-with-insert-pockets/p/443064487_charcoal?
BEWAKOOF Men's Super Loose Fit Brushed Cargo Joggers,₹999,,https://www.ajio.com/bewakoof-men-s-super-loose-fit-brushed-cargo-joggers/p/702063307_beige?
Buda Jeans Co Men Mid Rise Track Pants,₹360,,https://www.ajio.com/buda-jeans-co-men-mid-rise-track-pants/p/702463615_cream?
Teamspirit Men Regular Fit Track Pants,₹399,,https://www.ajio.com/teamspirit-men-regular-fit-track-pants/p/443061298_medgrey?
JADEBLUE Men Camouflage Print Track Pants,"₹1,293",,https://www.ajio.com/jadeblue-men-camouflage-print-track-pants/p/467318104_olive?
Puma Men Evostripe Core Slim Fit Pants,"₹1,580",,https://www.ajio.com/puma-men-evostripe-core-slim-fit-pants/p/701090022_grey?
Bullmer Men Straight Track Pants with Elasticated Waist,₹430,,https://www.ajio.com/bullmer-men-straight-track-pants-with-elasticated-waist/p/702101794_black?
PERFORMAX Lightweight Running Trackpant with Inner Mesh,₹699,,https://www.ajio.com/performax-lightweight-running-trackpant-with-inner-mesh/p/443004375_jetblack?
Teamspirit Men Straight Track Pants with Drawstring Waist,₹638,,https://www.ajio.com/teamspirit-men-straight-track-pants-with-drawstring-waist/p/443067970_beige?
Teamspirit Men Core Flatlock Joggers with Insert Pockets,₹599,,https://www.ajio.com/teamspirit-men-core-flatlock-joggers-with-insert-pockets/p/443064487_teal?
Domin8 Men Track Pants,"₹1,189",,https://www.ajio.com/domin8-men-track-pants/p/701035601_grey?
Indiclub Men Ribbed Straight Track Pants with Drawstring Waist,₹290,,https://www.ajio.com/indiclub-men-ribbed-straight-track-pants-with-drawstring-waist/p/701288492_grey?
JOGGERS PARK Men Mid-Rise Joggers,₹519,,https://www.ajio.com/joggers-park-men-mid-rise-joggers/p/702148961_black?
ARMANI EXCHANGE Cuffed Track Pants with Embroidered Logo,"₹5,478",,https://www.ajio.com/armani-exchange-cuffed-track-pants-with-embroidered-logo/p/410394454_1888?
PERFORMAX Men Fastdry Active Panelled Track Pants,₹719,,https://www.ajio.com/performax-men-fastdry-active-panelled-track-pants/p/441128505_darkblue?
Shein Shein Low Rise Contrast Panelled Straight Track Pants,₹599,,https://www.ajio.com/shein-shein-low-rise-contrast-panelled-straight-track-pants/p/443382942_deepblue?
SUPERDRY Vintage Logo Embroidered Joggers UB,"₹3,160",,https://www.ajio.com/superdry-vintage-logo-embroidered-joggers-ub/p/410394004_1tu?
Buda Jeans Co Men Straight Mid Rise Track Pants,₹304,,https://www.ajio.com/buda-jeans-co-men-straight-mid-rise-track-pants/p/701753549_brown?
Buda Jeans Co Men Track Pants with Elasticated Waist,₹360,,https://www.ajio.com/buda-jeans-co-men-track-pants-with-elasticated-waist/p/701897319_brown?
JADEBLUE Men Track Pants with Flap Pockets,"₹1,293",,https://www.ajio.com/jadeblue-men-track-pants-with-flap-pockets/p/467318091_black?
PERFORMAX Men Cricket Track Pants,₹420,,https://www.ajio.com/performax-men-cricket-track-pants/p/443281886_offwhite?
Shein Shein Ankle Length Elasticated Drawstring Waist Joggers,₹699,,https://www.ajio.com/shein-shein-ankle-length-elasticated-drawstring-waist-joggers/p/443382884_black?
PERFORMAX Men Fastdry Active Essential Track Pants,₹599,,https://www.ajio.com/performax-men-fastdry-active-essential-track-pants/p/440971924_jetblack?
Buda Jeans Co Men Straight Track Pants with Contrast Stripes,₹380,,https://www.ajio.com/buda-jeans-co-men-straight-track-pants-with-contrast-stripes/p/701936232_black?
Buda Jeans Co Men Straight Track Pants,₹380,,https://www.ajio.com/buda-jeans-co-men-straight-track-pants/p/702461675_grey?
ARMANI EXCHANGE Track Pants with Embroidered Icon Logo,"₹5,478",,https://www.ajio.com/armani-exchange-track-pants-with-embroidered-icon-logo/p/410394459_5237?
